videoID,title
h9Cyqk6R3Yk,
8YdHnS1X2dA,
x1s3CzvP1zU,
m6p6XU3K9N0,
p4kFBjN3dNQ,
E6pP6dF0r7A,
y6zH1YH7ZzM,
j9t7E8nVqHk,
7Jr5V8v2dUo,
4P1C8wzW9Gk,
U6XpD7p2q1k,
Wb0DM9n5e5Q,
1Z4lE4n6GdY,
b2t2VxH3WQw,
q6T3GJ9Wc1k,
7wXk9Zp4Y6M,
c9k8kX3s4vU,
r8s9Vb2Lm5Q,
d4F7kP9sQ2A,
Y5lT3U8kN9M,
k2QmP4sX8Vw,
F8p3L0qZ7eY,
a9Xv7D2mL1R,
N4s8Kp6Qw2Z,
g3Lk9Vx7T2B,
t5P9wQ2Zk8M,
B2x7J9qL4Yw,
P6m4T8Kq9Vx,
R3d9L2s7QwX,
v8X3Kp5mT9Z,
Z1k7W9sQ4pX,
h2V8L3mQ7T9,
D4p8K6sW2X9,
M9q2X7Lk4T8,
K7w3P9Zx2Q4,
L2s8T9Vq4X7,
X5m9K3Q7P2W,
W4k7X2L9T3Q,
Q9V2P7k4X8M,
T3K8L2Q9W7X,
P8Q4X7m2T9K,
S2L9k7W3Q8X,
N7P4T2X9K3Q,
Y3k8Q2W7X9P,
E4T9L2X7Q8K,
J2Q7X9W4P8K,
C8X3T7Q2K9L,
G4P9X2Q7W8K,
A7L3T9Q2X8P,
Z8Q2K7X4W9T,
V3P8Q2X7K9L,
R9T2X4Q7K8W,
U7K3Q9X2P8L,
O4X8T2Q7K9W,
I2Q7K9X3P8L,
YXh9RQCvxAc,
a1B2c3D4e5F,
b2C3d4E5f6G,
c3D4e5F6g7H,
d4E5f6G7h8I,
e5F6g7H8i9J,
f6G7h8I9j0K,
g7H8i9J0k1L,
h8I9j0K1l2M,
i9J0k1L2m3N,
j0K1l2M3n4O,
k1L2m3N4o5P,
l2M3n4O5p6Q,
m3N4o5P6q7R,
n4O5p6Q7r8S,
o5P6q7R8s9T,
p6Q7r8S9t0U,
q7R8s9T0u1V,
r8S9t0U1v2W,
s9T0u1V2w3X,
t0U1v2W3x4Y,
u1V2w3X4y5Z,
v2W3x4Y5z6A,
w3X4y5Z6a7B,
x4Y5z6A7b8C,
y5Z6a7B8c9D,
z6A7b8C9d0E,
A7b8C9d0E1F,
B8c9D0e1F2G,
C9d0E1f2G3H,
D0e1F2g3H4I,
E1f2G3h4I5J,
F2g3H4i5J6K,
G3h4I5j6K7L,
H4i5J6k7L8M,
I5j6K7l8M9N,
J6k7L8m9N0O,
K7l8M9n0O1P,
L8m9N0o1P2Q,
M9n0O1p2Q3R,
N0o1P2q3R4S,
O1p2Q3r4S5T,
P2q3R4s5T6U,
Q3r4S5t6U7V,
R4s5T6u7V8W,
S5t6U7v8W9X,
T6u7V8w9X0Y,
U7v8W9x0Y1Z,
V8w9X0y1Z2A,
W9x0Y1z2A3B,
dccXEQ1B3oA,
mSxUEnFpIzU,
WqiW-KbSX9s,
t-NiCTGqCeI,
UGERMLkKIoA,
k7RM-ynATcg,
qkDD03iGFNk,
p_Q6d5X5PnM,
LPZh9HBO7rY,
jjqfF4PXNUQ,
zqK3d7S2p0E,
Z8CX9QHn0F4,
mY3iBbHnMgA,
c4tPclkzz2A,
P7HjdmXH2V8,
qnksBe7YAoQ,
GNcFjFmqp_c,
4rT3pXZPAF8,
kP9r0hKGlYQ,
dHRkdjvRpA8,
U47GBz3Y8nA,
f7d2Aq4ZT9w,
nLRL_NV3Zek,
qoal8ahr25o,
J3MTQ-RGUzE,
